"type","rule","sev","file","line","msg"
"BUG","css:S4649","MAJOR","library/ws-widget/collection/src/lib/btn-mail-user/btn-mail-user-dialog/btn-mail-user-dialog.component.scss","34","Unexpected missing generic font family"
"BUG","css:S4649","MAJOR","library/ws-widget/collection/src/lib/btn-profile/btn-profile.component.scss","34","Unexpected missing generic font family"
"BUG","css:S4649","MAJOR","library/ws-widget/collection/src/lib/player-video-popup/player-video-popup-component.scss","98","Unexpected missing generic font family"
"BUG","css:S4649","MAJOR","library/ws-widget/collection/src/lib/player-video-popup/player-video-popup-component.scss","186","Unexpected missing generic font family"
"BUG","css:S4649","MAJOR","library/ws-widget/collection/src/lib/player-video-popup/player-video-popup-component.scss","200","Unexpected missing generic font family"
"BUG","css:S4649","MAJOR","library/ws-widget/collection/src/lib/player-video-popup/player-video-popup-component.scss","217","Unexpected missing generic font family"
"BUG","css:S4649","MAJOR","library/ws-widget/collection/src/lib/player-video-popup/player-video-popup-component.scss","241","Unexpected missing generic font family"
"BUG","css:S4649","MAJOR","library/ws-widget/collection/src/lib/player-video-popup/player-video-popup-component.scss","256","Unexpected missing generic font family"
"BUG","css:S4649","MAJOR","library/ws-widget/collection/src/lib/player-video-popup/player-video-popup-component.scss","274","Unexpected missing generic font family"
"BUG","css:S4649","MAJOR","library/ws-widget/collection/src/lib/player-video-popup/player-video-popup-component.scss","286","Unexpected missing generic font family"
"BUG","css:S4649","MAJOR","library/ws-widget/collection/src/lib/player-video-popup/player-video-popup-component.scss","321","Unexpected missing generic font family"
"BUG","css:S4649","MAJOR","library/ws-widget/collection/src/lib/player-video-popup/player-video-popup-component.scss","332","Unexpected missing generic font family"
"BUG","css:S4649","MAJOR","library/ws-widget/utils/src/lib/components/image-crop/image-crop.component.scss","13","Unexpected missing generic font family"
"BUG","css:S4649","MAJOR","library/ws-widget/utils/src/lib/components/image-crop/image-crop.component.scss","21","Unexpected missing generic font family"
"BUG","css:S4649","MAJOR","project/ws/app/src/lib/routes/app-toc/components/app-toc-banner/app-toc-banner.component.scss","48","Unexpected missing generic font family"
"BUG","css:S4649","MAJOR","project/ws/app/src/lib/routes/org/components/org/org.component.scss","231","Unexpected missing generic font family"
"BUG","css:S4649","MAJOR","project/ws/app/src/lib/routes/org/components/org/org.component.scss","252","Unexpected missing generic font family"
"BUG","css:S4649","MAJOR","project/ws/app/src/lib/routes/org/components/org/org.component.scss","472","Unexpected missing generic font family"
"BUG","css:S4649","MAJOR","project/ws/app/src/lib/routes/org/components/org/org.component.scss","492","Unexpected missing generic font family"
"BUG","css:S4649","MAJOR","project/ws/app/src/lib/routes/org/components/org/org.component.scss","525","Unexpected missing generic font family"
"BUG","css:S4649","MAJOR","project/ws/app/src/lib/routes/search/components/item-tile/item-tile.component.scss","130","Unexpected missing generic font family"
"BUG","css:S4649","MAJOR","project/ws/author/src/lib/modules/shared/components/certificate-upload-dialog/certificate-upload-dialog.component.scss","16","Unexpected missing generic font family"
"BUG","css:S4649","MAJOR","project/ws/author/src/lib/modules/shared/components/certificate-upload-dialog/certificate-upload-dialog.component.scss","28","Unexpected missing generic font family"
"BUG","css:S4649","MAJOR","project/ws/author/src/lib/modules/shared/components/certificate-upload-dialog/certificate-upload-dialog.component.scss","61","Unexpected missing generic font family"
"BUG","css:S4649","MAJOR","project/ws/author/src/lib/modules/shared/components/certificate-upload-dialog/certificate-upload-dialog.component.scss","113","Unexpected missing generic font family"
"BUG","css:S4649","MAJOR","project/ws/author/src/lib/modules/shared/components/confirm-dialog/confirm-dialog.component.scss","161","Unexpected missing generic font family"
"BUG","css:S4649","MAJOR","project/ws/author/src/lib/modules/shared/components/page-track/page-track.component.scss","12","Unexpected missing generic font family"
"BUG","css:S4649","MAJOR","project/ws/author/src/lib/modules/shared/components/progress-stepper/progress-stepper.component.scss","52","Unexpected missing generic font family"
"BUG","css:S4649","MAJOR","project/ws/author/src/lib/modules/shared/components/progress-stepper/progress-stepper.component.scss","112","Unexpected missing generic font family"
"BUG","css:S4649","MAJOR","project/ws/author/src/lib/routing/modules/aihub/components/question-generator/question-generator.component.scss","5","Unexpected missing generic font family"
"BUG","css:S4649","MAJOR","project/ws/author/src/lib/routing/modules/aihub/components/translate/translate.component.scss","5","Unexpected missing generic font family"
"BUG","css:S4649","MAJOR","project/ws/author/src/lib/routing/modules/create/components/create/create.component.scss","38","Unexpected missing generic font family"
"BUG","css:S4649","MAJOR","project/ws/author/src/lib/routing/modules/editor/routing/modules/collection/components/collection/module-creation/module-creation.component.scss","384","Unexpected missing generic font family"
"BUG","css:S4649","MAJOR","project/ws/author/src/lib/routing/modules/editor/routing/modules/collection/components/collection/module-creation/module-creation.component.scss","471","Unexpected missing generic font family"
"BUG","css:S4649","MAJOR","project/ws/author/src/lib/routing/modules/editor/routing/modules/collection/components/collection/module-creation/module-creation.component.scss","632","Unexpected missing generic font family"
"BUG","css:S4649","MAJOR","project/ws/author/src/lib/routing/modules/editor/routing/modules/collection/components/collection/module-creation/module-creation.component.scss","897","Unexpected missing generic font family"
"BUG","css:S4649","MAJOR","project/ws/author/src/lib/routing/modules/editor/routing/modules/collection/components/collection/module-creation/module-creation.component.scss","936","Unexpected missing generic font family"
"BUG","css:S4649","MAJOR","project/ws/author/src/lib/routing/modules/editor/routing/modules/collection/components/collection/module-creation/module-creation.component.scss","983","Unexpected missing generic font family"
"BUG","css:S4649","MAJOR","project/ws/author/src/lib/routing/modules/editor/routing/modules/collection/components/collection/module-creation/module-creation.component.scss","1196","Unexpected missing generic font family"
"BUG","css:S4649","MAJOR","project/ws/author/src/lib/routing/modules/editor/routing/modules/collection/components/collection/module-creation/module-creation.component.scss","1353","Unexpected missing generic font family"
"BUG","css:S4649","MAJOR","project/ws/author/src/lib/routing/modules/editor/routing/modules/collection/components/collection/module-creation/module-creation.component.scss","1376","Unexpected missing generic font family"
"BUG","css:S4649","MAJOR","project/ws/author/src/lib/routing/modules/editor/routing/modules/collection/components/collection/module-creation/module-creation.component.scss","1533","Unexpected missing generic font family"
"BUG","css:S4649","MAJOR","project/ws/author/src/lib/routing/modules/editor/routing/modules/collection/components/collection/module-creation/module-creation.component.scss","1545","Unexpected missing generic font family"
"BUG","css:S4649","MAJOR","project/ws/author/src/lib/routing/modules/editor/routing/modules/collection/components/collection/module-creation/module-creation.component.scss","1554","Unexpected missing generic font family"
"BUG","css:S4649","MAJOR","project/ws/author/src/lib/routing/modules/editor/routing/modules/collection/components/collection/module-creation/module-creation.component.scss","1570","Unexpected missing generic font family"
"BUG","css:S4649","MAJOR","project/ws/author/src/lib/routing/modules/editor/routing/modules/collection/components/collection/module-creation/module-creation.component.scss","1589","Unexpected missing generic font family"
"BUG","css:S4649","MAJOR","project/ws/author/src/lib/routing/modules/editor/routing/modules/collection/components/collection/module-creation/module-creation.component.scss","1684","Unexpected missing generic font family"
"BUG","css:S4649","MAJOR","project/ws/author/src/lib/routing/modules/editor/routing/modules/collection/components/collection/module-creation/module-creation.component.scss","1764","Unexpected missing generic font family"
"BUG","css:S4649","MAJOR","project/ws/author/src/lib/routing/modules/editor/routing/modules/collection/components/collection/module-creation/module-creation.component.scss","1825","Unexpected missing generic font family"
"BUG","css:S4649","MAJOR","project/ws/author/src/lib/routing/modules/editor/routing/modules/collection/components/collection/module-creation/module-creation.component.scss","1890","Unexpected missing generic font family"
"BUG","css:S4649","MAJOR","project/ws/author/src/lib/routing/modules/editor/routing/modules/collection/components/collection/module-creation/module-creation.component.scss","1899","Unexpected missing generic font family"
"BUG","css:S4649","MAJOR","project/ws/author/src/lib/routing/modules/editor/routing/modules/collection/components/collection/module-creation/module-creation.component.scss","1911","Unexpected missing generic font family"
"BUG","css:S4649","MAJOR","project/ws/author/src/lib/routing/modules/editor/routing/modules/collection/components/collection/module-creation/module-creation.component.scss","2091","Unexpected missing generic font family"
"BUG","css:S4649","MAJOR","project/ws/author/src/lib/routing/modules/editor/routing/modules/collection/components/collection/module-creation/module-creation.component.scss","2109","Unexpected missing generic font family"
"BUG","css:S4649","MAJOR","project/ws/author/src/lib/routing/modules/editor/routing/modules/collection/components/collection/module-creation/module-creation.component.scss","2126","Unexpected missing generic font family"
"BUG","css:S4649","MAJOR","project/ws/author/src/lib/routing/modules/editor/routing/modules/collection/components/collection/resource-module/resource-module.component.scss","50","Unexpected missing generic font family"
"BUG","css:S4649","MAJOR","project/ws/author/src/lib/routing/modules/editor/routing/modules/collection/components/collection/resource-module/resource-module.component.scss","60","Unexpected missing generic font family"
"BUG","css:S4649","MAJOR","project/ws/author/src/lib/routing/modules/editor/routing/modules/collection/components/collection/resource-module/resource-module.component.scss","89","Unexpected missing generic font family"
"BUG","css:S4649","MAJOR","project/ws/author/src/lib/routing/modules/editor/routing/modules/collection/components/collection/resource-module/resource-module.component.scss","121","Unexpected missing generic font family"
"BUG","css:S4649","MAJOR","project/ws/author/src/lib/routing/modules/editor/routing/modules/collection/components/collection/resource-module/resource-module.component.scss","129","Unexpected missing generic font family"
"BUG","css:S4649","MAJOR","project/ws/author/src/lib/routing/modules/editor/routing/modules/collection/components/collection/resource-module/resource-module.component.scss","137","Unexpected missing generic font family"
"BUG","css:S4649","MAJOR","project/ws/author/src/lib/routing/modules/editor/routing/modules/collection/components/collection/resource-module/resource-module.component.scss","160","Unexpected missing generic font family"
"BUG","css:S4649","MAJOR","project/ws/author/src/lib/routing/modules/editor/routing/modules/collection/components/collection/resource-module/resource-module.component.scss","186","Unexpected missing generic font family"
"BUG","css:S4649","MAJOR","project/ws/author/src/lib/routing/modules/editor/routing/modules/collection/components/collection/resource-module/resource-module.component.scss","197","Unexpected missing generic font family"
"BUG","css:S4649","MAJOR","project/ws/author/src/lib/routing/modules/editor/routing/modules/collection/components/collection/resource-module/resource-module.component.scss","216","Unexpected missing generic font family"
"BUG","css:S4649","MAJOR","project/ws/author/src/lib/routing/modules/editor/routing/modules/collection/components/collection/resource-module/resource-module.component.scss","231","Unexpected missing generic font family"
"BUG","css:S4649","MAJOR","project/ws/author/src/lib/routing/modules/editor/routing/modules/collection/components/collection/resource-module/resource-module.component.scss","264","Unexpected missing generic font family"
"BUG","css:S4649","MAJOR","project/ws/author/src/lib/routing/modules/editor/routing/modules/collection/components/course-collection/course-collection.component.scss","30","Unexpected missing generic font family"
"BUG","css:S4649","MAJOR","project/ws/author/src/lib/routing/modules/editor/routing/modules/quiz/components/quiz/quiz.component.scss","57","Unexpected missing generic font family"
"BUG","css:S4649","MAJOR","project/ws/author/src/lib/routing/modules/editor/routing/modules/quiz/components/quiz/quiz.component.scss","73","Unexpected missing generic font family"
"BUG","css:S4649","MAJOR","project/ws/author/src/lib/routing/modules/editor/shared/components/edit-meta/edit-meta.component.scss","651","Unexpected missing generic font family"
"BUG","css:S4649","MAJOR","project/ws/author/src/lib/routing/modules/editor/shared/components/edit-meta/edit-meta.component.scss","667","Unexpected missing generic font family"
"BUG","css:S4649","MAJOR","project/ws/author/src/lib/routing/modules/editor/shared/components/edit-meta/edit-meta.component.scss","675","Unexpected missing generic font family"
"BUG","css:S4649","MAJOR","project/ws/author/src/lib/routing/modules/editor/shared/components/edit-meta/edit-meta.component.scss","686","Unexpected missing generic font family"
"BUG","css:S4649","MAJOR","project/ws/author/src/lib/routing/modules/editor/shared/components/edit-meta/edit-meta.component.scss","696","Unexpected missing generic font family"
"BUG","css:S4649","MAJOR","project/ws/author/src/lib/routing/modules/home/components/dashboard/dashboard.component.scss","61","Unexpected missing generic font family"
"BUG","css:S4649","MAJOR","project/ws/author/src/lib/routing/modules/home/components/dashboard/dashboard.component.scss","65","Unexpected missing generic font family"
"BUG","css:S4649","MAJOR","project/ws/author/src/lib/routing/modules/home/components/dashboard/dashboard.component.scss","69","Unexpected missing generic font family"
"BUG","css:S4649","MAJOR","project/ws/author/src/lib/routing/modules/my-content/components/content-card/content-card.component.scss","197","Unexpected missing generic font family"
"BUG","css:S4649","MAJOR","project/ws/author/src/lib/routing/modules/my-content/components/my-content/my-content.component.scss","167","Unexpected missing generic font family"
"BUG","css:S4649","MAJOR","project/ws/author/src/lib/routing/modules/my-content/components/my-content/my-content.component.scss","260","Unexpected missing generic font family"
"BUG","css:S4649","MAJOR","project/ws/author/src/lib/routing/modules/my-content/components/my-content/my-content.component.scss","369","Unexpected missing generic font family"
"BUG","css:S4649","MAJOR","project/ws/author/src/lib/routing/modules/my-content/components/my-content/my-content.component.scss","469","Unexpected missing generic font family"
"BUG","css:S4649","MAJOR","project/ws/author/src/lib/routing/modules/my-content/components/my-content/my-content.component.scss","570","Unexpected missing generic font family"
"BUG","css:S4649","MAJOR","project/ws/author/src/lib/routing/modules/my-content/components/my-content/my-content.component.scss","617","Unexpected missing generic font family"
"BUG","css:S4649","MAJOR","project/ws/viewer/src/lib/viewer.component.scss","38","Unexpected missing generic font family"
"BUG","css:S4653","BLOCKER","library/ws-widget/collection/src/lib/activity-strip-multiple/activity-strip-multiple.component.scss","29","Unexpected unknown unit ""p"""
"BUG","css:S4653","BLOCKER","library/ws-widget/collection/src/lib/content-strip-multiple/content-strip-multiple.component.scss","25","Unexpected unknown unit ""p"""
"BUG","css:S4653","BLOCKER","library/ws-widget/collection/src/lib/content-strip-new-multiple/content-strip-new-multiple.component.scss","36","Unexpected unknown unit ""p"""
"BUG","css:S4653","BLOCKER","library/ws-widget/collection/src/lib/content-strip-vertical/content-strip-vertical.component.scss","25","Unexpected unknown unit ""p"""
"BUG","css:S4653","BLOCKER","library/ws-widget/collection/src/lib/network-strip-multiple/network-strip-multiple.component.scss","36","Unexpected unknown unit ""p"""
"BUG","css:S4653","BLOCKER","library/ws-widget/collection/src/lib/profile-v2/profile-academics/profile-academics.component.scss","49","Unexpected unknown unit ""p"""
"BUG","css:S4653","BLOCKER","library/ws-widget/collection/src/lib/profile-v2/profile-career/profile-career.component.scss","49","Unexpected unknown unit ""p"""
"BUG","css:S4653","BLOCKER","library/ws-widget/collection/src/lib/profile-v2/profile-competencies/profile-competencies.component.scss","43","Unexpected unknown unit ""p"""
"BUG","css:S4653","BLOCKER","library/ws-widget/collection/src/lib/profile-v2/profile-cretifications/profile-cretifications.component.scss","49","Unexpected unknown unit ""p"""
"BUG","css:S4653","BLOCKER","library/ws-widget/collection/src/lib/profile-v2/profile-departments/profile-departments.component.scss","43","Unexpected unknown unit ""p"""
"BUG","css:S4653","BLOCKER","library/ws-widget/collection/src/lib/profile-v2/profile-hobbies/profile-hobbies.component.scss","49","Unexpected unknown unit ""p"""
"BUG","css:S4653","BLOCKER","project/ws/app/src/lib/routes/home/routes/about/about.component.scss","58","Unexpected unknown unit ""p"""
"BUG","css:S4653","BLOCKER","project/ws/app/src/lib/routes/home/routes/users-view/users-view.component.scss","58","Unexpected unknown unit ""p"""
"BUG","css:S4656","MAJOR","library/ws-widget/collection/src/lib/card-content/card-content.component.scss","240","Unexpected duplicate ""display"""
"BUG","css:S4656","MAJOR","library/ws-widget/collection/src/lib/card-content/card-content.component.scss","358","Unexpected duplicate ""display"""
"BUG","css:S4656","MAJOR","project/ws/app/src/lib/routes/app-event/components/profile-detail/view-users/view-users.component.scss","6","Unexpected duplicate ""height"""
"BUG","css:S4656","MAJOR","project/ws/app/src/lib/routes/info/about/components/about-home.component.scss","156","Unexpected duplicate ""display"""
"BUG","css:S4656","MAJOR","project/ws/app/src/lib/routes/org/components/org/org.component.scss","276","Unexpected duplicate ""border-radius"""
"BUG","css:S4656","MAJOR","project/ws/app/src/lib/routes/org/components/org/org.component.scss","277","Unexpected duplicate ""border"""
"BUG","css:S4656","MAJOR","project/ws/app/src/lib/routes/profile/routes/dashboard/components/dashboard/dashboard.component.scss","189","Unexpected duplicate ""color"""
"BUG","css:S4656","MAJOR","project/ws/author/src/lib/modules/shared/components/page-track/page-track.component.scss","71","Unexpected duplicate ""background"""
"BUG","css:S4656","MAJOR","project/ws/author/src/lib/modules/shared/components/page-track/page-track.component.scss","72","Unexpected duplicate ""content"""
"BUG","css:S4656","MAJOR","project/ws/author/src/lib/modules/shared/components/page-track/page-track.component.scss","75","Unexpected duplicate ""animation"""
"BUG","css:S4656","MAJOR","project/ws/author/src/lib/routing/modules/create/components/create/create.component.scss","126","Unexpected duplicate ""z-index"""
"BUG","css:S4656","MAJOR","project/ws/author/src/lib/routing/modules/editor/routing/modules/channel/components/channel/channel.component.scss","82","Unexpected duplicate ""z-index"""
"BUG","css:S4656","MAJOR","project/ws/author/src/lib/routing/modules/editor/routing/modules/channel/components/page-editor/page-editor.component.scss","39","Unexpected duplicate ""font-size"""
"BUG","css:S4656","MAJOR","project/ws/author/src/lib/routing/modules/editor/routing/modules/channel/components/v2/page-editor-v2/page-editor-v2.component.scss","39","Unexpected duplicate ""font-size"""
"BUG","css:S4656","MAJOR","project/ws/author/src/lib/routing/modules/editor/routing/modules/collection/components/collection/collection.component.scss","29","Unexpected duplicate ""z-index"""
"BUG","css:S4656","MAJOR","project/ws/author/src/lib/routing/modules/editor/routing/modules/collection/components/collection/module-creation/module-creation.component.scss","408","Unexpected duplicate ""border-radius"""
"BUG","css:S4656","MAJOR","project/ws/author/src/lib/routing/modules/editor/routing/modules/collection/components/collection/module-creation/module-creation.component.scss","409","Unexpected duplicate ""background"""
"BUG","css:S4656","MAJOR","project/ws/author/src/lib/routing/modules/editor/routing/modules/collection/components/collection/module-creation/module-creation.component.scss","525","Unexpected duplicate ""border-radius"""
"BUG","css:S4656","MAJOR","project/ws/author/src/lib/routing/modules/editor/routing/modules/collection/components/collection/module-creation/module-creation.component.scss","527","Unexpected duplicate ""box-shadow"""
"BUG","css:S4656","MAJOR","project/ws/author/src/lib/routing/modules/editor/routing/modules/collection/components/collection/module-creation/module-creation.component.scss","920","Unexpected duplicate ""border-radius"""
"BUG","css:S4656","MAJOR","project/ws/author/src/lib/routing/modules/editor/routing/modules/collection/components/collection/module-creation/module-creation.component.scss","1776","Unexpected duplicate ""padding"""
"BUG","css:S4656","MAJOR","project/ws/author/src/lib/routing/modules/editor/routing/modules/collection/components/collection/module-creation/module-creation.component.scss","1781","Unexpected duplicate ""padding"""
"BUG","css:S4656","MAJOR","project/ws/author/src/lib/routing/modules/editor/routing/modules/collection/components/collection/module-creation/module-creation.component.scss","1875","Unexpected duplicate ""border-radius"""
"BUG","css:S4656","MAJOR","project/ws/author/src/lib/routing/modules/editor/routing/modules/collection/components/course-collection/course-collection.component.scss","43","Unexpected duplicate ""padding"""
"BUG","css:S4656","MAJOR","project/ws/author/src/lib/routing/modules/editor/routing/modules/curate/components/curate/curate.component.scss","93","Unexpected duplicate ""z-index"""
"BUG","css:S4656","MAJOR","project/ws/author/src/lib/routing/modules/editor/routing/modules/iap-assessment/components/iap-assessment/iap-assessment.component.scss","41","Unexpected duplicate ""height"""
"BUG","css:S4656","MAJOR","project/ws/author/src/lib/routing/modules/editor/routing/modules/iap-assessment/components/iap-assessment/iap-assessment.component.scss","312","Unexpected duplicate ""z-index"""
"BUG","css:S4656","MAJOR","project/ws/author/src/lib/routing/modules/editor/routing/modules/iap-assessment/components/iap-assessment/iap-assessment.component.scss","321","Unexpected duplicate ""z-index"""
"BUG","css:S4656","MAJOR","project/ws/author/src/lib/routing/modules/editor/routing/modules/quiz/components/quiz/quiz.component.scss","104","Unexpected duplicate ""z-index"""
"BUG","css:S4656","MAJOR","project/ws/author/src/lib/routing/modules/editor/routing/modules/upload/components/upload/upload.component.scss","86","Unexpected duplicate ""z-index"""
"BUG","css:S4656","MAJOR","project/ws/author/src/lib/routing/modules/editor/routing/modules/web-page/components/web-module-editor/web-module-editor.component.scss","75","Unexpected duplicate ""z-index"""
"BUG","css:S4656","MAJOR","project/ws/author/src/lib/routing/modules/my-content/components/my-content/my-content.component.scss","155","Unexpected duplicate ""display"""
"BUG","css:S4656","MAJOR","project/ws/author/src/lib/routing/modules/my-content/components/my-content/my-content.component.scss","156","Unexpected duplicate ""flex-direction"""
"BUG","css:S4656","MAJOR","project/ws/author/src/lib/routing/modules/my-content/components/my-content/my-content.component.scss","456","Unexpected duplicate ""display"""
"BUG","css:S4656","MAJOR","project/ws/author/src/lib/routing/modules/my-content/components/my-content/my-content.component.scss","457","Unexpected duplicate ""flex-direction"""
"BUG","css:S4656","MAJOR","project/ws/author/src/lib/routing/modules/my-content/components/my-content/my-content.component.scss","616","Unexpected duplicate ""font-weight"""
"BUG","css:S4656","MAJOR","project/ws/author/src/lib/routing/modules/my-content/components/my-content/my-content.component.scss","619","Unexpected duplicate ""font-weight"""
"BUG","css:S4656","MAJOR","project/ws/viewer/src/lib/plugins/class-diagram/class-diagram.component.scss","114","Unexpected duplicate ""padding-left"""
"BUG","css:S4656","MAJOR","src/app/routes/public/public-about/public-about.component.scss","160","Unexpected duplicate ""display"""
"BUG","css:S4656","MAJOR","src/app/routes/public/public-release/public-release.component.scss","160","Unexpected duplicate ""display"""
"BUG","css:S4656","MAJOR","src/app/routes/signup/signup.component.scss","8","Unexpected duplicate ""box-sizing"""
"BUG","css:S4656","MAJOR","src/app/routes/signup-auto/signup-auto.component.scss","9","Unexpected duplicate ""box-sizing"""
"BUG","css:S4657","CRITICAL","library/ws-widget/collection/src/lib/btn-page-back/btn-page-back.component.scss","16","Unexpected shorthand ""transition"" after ""transition-delay"""
"BUG","css:S4657","CRITICAL","library/ws-widget/collection/src/lib/card-content/card-content.component.scss","265","Unexpected shorthand ""margin"" after ""margin-left"""
"BUG","css:S4657","CRITICAL","library/ws-widget/collection/src/lib/card-content/card-content.component.scss","265","Unexpected shorthand ""margin"" after ""margin-right"""
"BUG","css:S4657","CRITICAL","library/ws-widget/collection/src/lib/card-content/card-content.component.scss","381","Unexpected shorthand ""margin"" after ""margin-right"""
"BUG","css:S4657","CRITICAL","library/ws-widget/collection/src/lib/card-content/card-content.component.scss","381","Unexpected shorthand ""margin"" after ""margin-left"""
"BUG","css:S4657","CRITICAL","library/ws-widget/collection/src/lib/card-table/card-table.component.scss","70","Unexpected shorthand ""margin"" after ""margin-left"""
"BUG","css:S4657","CRITICAL","library/ws-widget/collection/src/lib/card-table/card-table.component.scss","70","Unexpected shorthand ""margin"" after ""margin-right"""
"BUG","css:S4657","CRITICAL","library/ws-widget/collection/src/lib/player-video-popup/player-video-popup-component.scss","106","Unexpected shorthand ""margin"" after ""margin-bottom"""
"BUG","css:S4657","CRITICAL","project/ws/app/src/lib/routes/app-setup/components/home/home.component.scss","42","Unexpected shorthand ""margin"" after ""margin-right"""
"BUG","css:S4657","CRITICAL","project/ws/app/src/lib/routes/app-setup/components/home/home.component.scss","42","Unexpected shorthand ""margin"" after ""margin-left"""
"BUG","css:S4657","CRITICAL","project/ws/app/src/lib/routes/org/components/org/org.component.scss","163","Unexpected shorthand ""margin"" after ""margin-left"""
"BUG","css:S4657","CRITICAL","project/ws/app/src/lib/routes/org/components/org/org.component.scss","163","Unexpected shorthand ""margin"" after ""margin-right"""
"BUG","css:S4657","CRITICAL","project/ws/app/src/lib/routes/search/components/item-tile/item-tile.component.scss","154","Unexpected shorthand ""padding"" after ""padding-right"""
"BUG","css:S4657","CRITICAL","project/ws/app/src/lib/routes/search/components/item-tile/item-tile.component.scss","154","Unexpected shorthand ""padding"" after ""padding-left"""
"BUG","css:S4657","CRITICAL","project/ws/app/src/lib/routes/search/components/search-input/search-input.component.scss","54","Unexpected shorthand ""margin"" after ""margin-top"""
"BUG","css:S4657","CRITICAL","project/ws/app/src/lib/routes/search/components/search-input-home/search-input-home.component.scss","75","Unexpected shorthand ""margin"" after ""margin-top"""
"BUG","css:S4657","CRITICAL","project/ws/author/src/lib/routing/modules/editor/routing/modules/collection/components/collection/module-creation/module-creation.component.scss","1876","Unexpected shorthand ""background"" after ""background-color"""
"BUG","css:S4657","CRITICAL","project/ws/author/src/lib/routing/modules/editor/routing/modules/collection/components/collection/resource-module/resource-module.component.scss","38","Unexpected shorthand ""background"" after ""background-color"""
"BUG","css:S4657","CRITICAL","project/ws/author/src/lib/routing/modules/editor/routing/modules/web-page/shared/component/audio-strips/audio-strips.component.scss","28","Unexpected shorthand ""margin"" after ""margin-right"""
"BUG","css:S4670","CRITICAL","library/ws-widget/collection/src/lib/player-video-popup/player-video-popup-component.scss","95","Unexpected unknown type selector ""c"""
"BUG","typescript:S1656","MAJOR","project/ws/app/src/lib/routes/search/components/search-input/search-input.component.ts","97","'this.placeHolder' is assigned to itself."
"BUG","typescript:S1656","MAJOR","project/ws/app/src/lib/routes/search/components/search-input-home/search-input-home.component.ts","128","'this.placeHolder' is assigned to itself."
"BUG","typescript:S1656","MAJOR","project/ws/author/src/lib/routing/modules/editor/routing/modules/channel/components/channel/channel.component.ts","664","'modified' is assigned to itself."
"BUG","typescript:S1656","MAJOR","project/ws/author/src/lib/routing/modules/editor/routing/modules/quiz/components/quiz/quiz.component.ts","883","'this.passPercentage' is assigned to itself."
"BUG","typescript:S1656","MAJOR","project/ws/author/src/lib/routing/modules/editor/routing/modules/quiz/components/quiz/quiz.component.ts","1112","'this.passPercentage' is assigned to itself."
"BUG","typescript:S1764","MAJOR","library/ws-widget/collection/src/lib/_common/avatar-photo/avatar-photo.component.ts","72","Correct one of the identical sub-expressions on both sides of operator ""==="""
"BUG","typescript:S1764","MAJOR","library/ws-widget/utils/src/lib/pipes/pipe-concise-date-range/pipe-concise-date-range.pipe.ts","42","Correct one of the identical sub-expressions on both sides of operator ""!=="""
"BUG","typescript:S1764","MAJOR","project/ws/author/src/lib/routing/modules/editor/routing/modules/web-page/components/upload-audio/upload-audio.component.ts","137","Correct one of the identical sub-expressions on both sides of operator ""||"""
"BUG","typescript:S1764","MAJOR","project/ws/author/src/lib/routing/modules/editor/routing/modules/web-page/components/upload-audio/upload-audio.component.ts","139","Correct one of the identical sub-expressions on both sides of operator ""||"""
"BUG","typescript:S1862","MAJOR","project/ws/app/src/lib/routes/search/routes/learning/learning.component.ts","437","This condition is covered by the one on line 413"
"BUG","typescript:S1862","MAJOR","project/ws/author/src/lib/routing/modules/editor/routing/modules/channel/components/v2/input-v2/input-v2.component.ts","285","This case duplicates the one on line 282"
"BUG","typescript:S1862","MAJOR","project/ws/author/src/lib/routing/modules/editor/routing/modules/channel/components/v2/input-v2/input-v2.component.ts","344","This condition is covered by the one on line 341"
"BUG","typescript:S1862","MAJOR","project/ws/author/src/lib/routing/modules/editor/routing/modules/channel/components/view/content-strip-holder/content-strip-holder.component.ts","96","This condition is covered by the one on line 93"
"BUG","typescript:S1862","MAJOR","project/ws/author/src/lib/routing/modules/editor/routing/modules/channel/components/view/content-strip-holder/content-strip-holder.component.ts","99","This condition is covered by the one on line 96"
"BUG","typescript:S2201","MAJOR","project/ws/app/src/lib/routes/app-event/components/event-banner/event-banner.component.ts","53","Consider using ""forEach"" instead of ""map"" as its return value is not being used here."
"BUG","typescript:S2201","MAJOR","project/ws/app/src/lib/routes/app-event/components/event-sessions/event-sessions.component.ts","58","Consider using ""forEach"" instead of ""map"" as its return value is not being used here."
"BUG","typescript:S2201","MAJOR","project/ws/app/src/lib/routes/profile/routes/analytics/routes/feature-usage/feature-usage.component.ts","54","Consider using ""forEach"" instead of ""map"" as its return value is not being used here."
"BUG","typescript:S2201","MAJOR","project/ws/app/src/lib/routes/profile/routes/analytics/routes/feature-usage/feature-usage.component.ts","68","Consider using ""forEach"" instead of ""map"" as its return value is not being used here."
"BUG","typescript:S2201","MAJOR","project/ws/app/src/lib/routes/profile/routes/competency/services/competency.service.ts","55","The return value of ""find"" must be used."
"BUG","typescript:S2201","MAJOR","project/ws/app/src/lib/routes/profile/routes/dashboard/components/dashboard/dashboard.component.ts","198","The return value of ""find"" must be used."
"BUG","typescript:S2201","MAJOR","project/ws/app/src/lib/routes/profile/routes/learning/components/bubble-chart/bubble-chart.component.ts","160","Consider using ""forEach"" instead of ""map"" as its return value is not being used here."
"BUG","typescript:S2201","MAJOR","project/ws/app/src/lib/routes/profile/routes/learning/components/bubble-chart/bubble-chart.component.ts","165","Consider using ""forEach"" instead of ""map"" as its return value is not being used here."
"BUG","typescript:S2201","MAJOR","project/ws/app/src/lib/routes/profile/routes/learning/components/learning-time/learning-time.component.ts","406","Consider using ""forEach"" instead of ""map"" as its return value is not being used here."
"BUG","typescript:S2201","MAJOR","project/ws/app/src/lib/routes/profile/routes/learning/components/learning-time/learning-time.component.ts","411","Consider using ""forEach"" instead of ""map"" as its return value is not being used here."
"BUG","typescript:S2201","MAJOR","project/ws/app/src/lib/routes/profile/routes/learning/components/learning-time/learning-time.component.ts","592","The return value of ""find"" must be used."
"BUG","typescript:S2201","MAJOR","project/ws/app/src/lib/routes/search/services/search-serv.service.ts","318","Consider using ""forEach"" instead of ""map"" as its return value is not being used here."
"BUG","typescript:S2201","MAJOR","project/ws/author/src/lib/modules/shared/components/confirm-dialog/confirm-dialog.component.ts","117","Consider using ""forEach"" instead of ""map"" as its return value is not being used here."
"BUG","typescript:S2201","MAJOR","project/ws/author/src/lib/modules/shared/components/confirm-dialog/confirm-dialog.component.ts","119","Consider using ""forEach"" instead of ""map"" as its return value is not being used here."
"BUG","typescript:S2201","MAJOR","project/ws/author/src/lib/modules/shared/components/confirm-dialog/confirm-dialog.component.ts","120","Consider using ""forEach"" instead of ""map"" as its return value is not being used here."
"BUG","typescript:S2201","MAJOR","project/ws/author/src/lib/routing/modules/editor/components/editor/editor.component.ts","108","Consider using ""forEach"" instead of ""map"" as its return value is not being used here."
"BUG","typescript:S2201","MAJOR","project/ws/author/src/lib/routing/modules/editor/routing/modules/channel/components/channel/channel.component.ts","150","Consider using ""forEach"" instead of ""map"" as its return value is not being used here."
"BUG","typescript:S2201","MAJOR","project/ws/author/src/lib/routing/modules/editor/routing/modules/channel/components/input/breadcrum/breadcrum.component.ts","30","Consider using ""forEach"" instead of ""map"" as its return value is not being used here."
"BUG","typescript:S2201","MAJOR","project/ws/author/src/lib/routing/modules/editor/routing/modules/channel/components/input/content-strip-multiple/content-strip-multiple.component.ts","44","Consider using ""forEach"" instead of ""map"" as its return value is not being used here."
"BUG","typescript:S2201","MAJOR","project/ws/author/src/lib/routing/modules/editor/routing/modules/channel/components/input/content-strip-single/content-strip-single.component.ts","133","Consider using ""forEach"" instead of ""map"" as its return value is not being used here."
"BUG","typescript:S2201","MAJOR","project/ws/author/src/lib/routing/modules/editor/routing/modules/channel/components/input/content-strip-single/content-strip-single.component.ts","157","Consider using ""forEach"" instead of ""map"" as its return value is not being used here."
"BUG","typescript:S2201","MAJOR","project/ws/author/src/lib/routing/modules/editor/routing/modules/channel/components/input/content-strip-single/content-strip-single.component.ts","192","Consider using ""forEach"" instead of ""map"" as its return value is not being used here."
"BUG","typescript:S2201","MAJOR","project/ws/author/src/lib/routing/modules/editor/routing/modules/channel/components/input/content-strip-single/content-strip-single.component.ts","292","Consider using ""forEach"" instead of ""map"" as its return value is not being used here."
"BUG","typescript:S2201","MAJOR","project/ws/author/src/lib/routing/modules/editor/routing/modules/channel/components/input/content-strip-v2/content-strip-v2.component.ts","201","Consider using ""forEach"" instead of ""map"" as its return value is not being used here."
"BUG","typescript:S2201","MAJOR","project/ws/author/src/lib/routing/modules/editor/routing/modules/channel/components/input/content-strip-v2/content-strip-v2.component.ts","221","Consider using ""forEach"" instead of ""map"" as its return value is not being used here."
"BUG","typescript:S2201","MAJOR","project/ws/author/src/lib/routing/modules/editor/routing/modules/channel/components/input/content-strip-v2/content-strip-v2.component.ts","285","Consider using ""forEach"" instead of ""map"" as its return value is not being used here."
"BUG","typescript:S2201","MAJOR","project/ws/author/src/lib/routing/modules/editor/routing/modules/channel/components/input/image-map/image-map.component.ts","69","Consider using ""forEach"" instead of ""map"" as its return value is not being used here."
"BUG","typescript:S2201","MAJOR","project/ws/author/src/lib/routing/modules/editor/routing/modules/channel/components/input/slider/slider.component.ts","51","Consider using ""forEach"" instead of ""map"" as its return value is not being used here."
"BUG","typescript:S2201","MAJOR","project/ws/author/src/lib/routing/modules/editor/routing/modules/channel/components/v2/renderer-v2/renderer-v2.component.ts","70","Consider using ""forEach"" instead of ""map"" as its return value is not being used here."
"BUG","typescript:S2201","MAJOR","project/ws/author/src/lib/routing/modules/editor/routing/modules/channel/components/v2/renderer-v2/renderer-v2.component.ts","192","Consider using ""forEach"" instead of ""map"" as its return value is not being used here."
"BUG","typescript:S2201","MAJOR","project/ws/author/src/lib/routing/modules/editor/routing/modules/channel/components/view/content-strip/content-strip.component.ts","56","Consider using ""forEach"" instead of ""map"" as its return value is not being used here."
"BUG","typescript:S2201","MAJOR","project/ws/author/src/lib/routing/modules/editor/routing/modules/channel/components/view/content-strip-holder/content-strip-holder.component.ts","63","Consider using ""forEach"" instead of ""map"" as its return value is not being used here."
"BUG","typescript:S2201","MAJOR","project/ws/author/src/lib/routing/modules/editor/routing/modules/channel/components/view/gallery/gallery.component.ts","59","Consider using ""forEach"" instead of ""map"" as its return value is not being used here."
"BUG","typescript:S2201","MAJOR","project/ws/author/src/lib/routing/modules/editor/routing/modules/channel/components/view/grid/grid.component.ts","60","Consider using ""forEach"" instead of ""map"" as its return value is not being used here."
"BUG","typescript:S2201","MAJOR","project/ws/author/src/lib/routing/modules/editor/routing/modules/channel/components/view/renderer/renderer.component.ts","75","Consider using ""forEach"" instead of ""map"" as its return value is not being used here."
"BUG","typescript:S2201","MAJOR","project/ws/author/src/lib/routing/modules/editor/routing/modules/channel/components/view/renderer/renderer.component.ts","93","Consider using ""forEach"" instead of ""map"" as its return value is not being used here."
"BUG","typescript:S2201","MAJOR","project/ws/author/src/lib/routing/modules/editor/routing/modules/channel/components/view/tab/tab.component.ts","46","Consider using ""forEach"" instead of ""map"" as its return value is not being used here."
"BUG","typescript:S2201","MAJOR","project/ws/author/src/lib/routing/modules/editor/routing/modules/channel/services/resolver.service.ts","221","Consider using ""forEach"" instead of ""map"" as its return value is not being used here."
"BUG","typescript:S2201","MAJOR","project/ws/author/src/lib/routing/modules/editor/routing/modules/channel/services/resolver.service.ts","248","Consider using ""forEach"" instead of ""map"" as its return value is not being used here."
"BUG","typescript:S2201","MAJOR","project/ws/author/src/lib/routing/modules/editor/routing/modules/channel/services/resolver.service.ts","259","Consider using ""forEach"" instead of ""map"" as its return value is not being used here."
"BUG","typescript:S2201","MAJOR","project/ws/author/src/lib/routing/modules/editor/routing/modules/channel/services/resolver.service.ts","274","Consider using ""forEach"" instead of ""map"" as its return value is not being used here."
"BUG","typescript:S2201","MAJOR","project/ws/author/src/lib/routing/modules/editor/routing/modules/channel/services/resolver.service.ts","298","Consider using ""forEach"" instead of ""map"" as its return value is not being used here."
"BUG","typescript:S2201","MAJOR","project/ws/author/src/lib/routing/modules/editor/routing/modules/channel/services/resolver.service.ts","326","Consider using ""forEach"" instead of ""map"" as its return value is not being used here."
"BUG","typescript:S2201","MAJOR","project/ws/author/src/lib/routing/modules/editor/routing/modules/channel/services/resolver.service.ts","334","Consider using ""forEach"" instead of ""map"" as its return value is not being used here."
"BUG","typescript:S2201","MAJOR","project/ws/author/src/lib/routing/modules/editor/routing/modules/channel/services/store.service.ts","87","Consider using ""forEach"" instead of ""map"" as its return value is not being used here."
"BUG","typescript:S2201","MAJOR","project/ws/author/src/lib/routing/modules/editor/routing/modules/channel/services/store.service.ts","174","Consider using ""forEach"" instead of ""map"" as its return value is not being used here."
"BUG","typescript:S2201","MAJOR","project/ws/author/src/lib/routing/modules/editor/routing/modules/channel/services/store.service.ts","190","Consider using ""forEach"" instead of ""map"" as its return value is not being used here."
"BUG","typescript:S2201","MAJOR","project/ws/author/src/lib/routing/modules/editor/routing/modules/channel/services/store.service.ts","278","Consider using ""forEach"" instead of ""map"" as its return value is not being used here."
"BUG","typescript:S2201","MAJOR","project/ws/author/src/lib/routing/modules/editor/routing/modules/channel/services/store.service.ts","286","Consider using ""forEach"" instead of ""map"" as its return value is not being used here."
"BUG","typescript:S2201","MAJOR","project/ws/author/src/lib/routing/modules/editor/routing/modules/channel/services/store.service.ts","306","Consider using ""forEach"" instead of ""map"" as its return value is not being used here."
"BUG","typescript:S2201","MAJOR","project/ws/author/src/lib/routing/modules/editor/routing/modules/channel/services/store.service.ts","331","Consider using ""forEach"" instead of ""map"" as its return value is not being used here."
"BUG","typescript:S2201","MAJOR","project/ws/author/src/lib/routing/modules/editor/routing/modules/channel/services/store.service.ts","369","Consider using ""forEach"" instead of ""map"" as its return value is not being used here."
"BUG","typescript:S2201","MAJOR","project/ws/author/src/lib/routing/modules/editor/routing/modules/collection/components/collection/module-creation/module-creation.component.ts","4121","Consider using ""forEach"" instead of ""map"" as its return value is not being used here."
"BUG","typescript:S2201","MAJOR","project/ws/author/src/lib/routing/modules/editor/routing/modules/collection/components/collection/module-creation/module-creation.component.ts","5007","Consider using ""forEach"" instead of ""map"" as its return value is not being used here."
"BUG","typescript:S2201","MAJOR","project/ws/author/src/lib/routing/modules/editor/routing/modules/collection/services/resolver.service.ts","121","Consider using ""forEach"" instead of ""map"" as its return value is not being used here."
"BUG","typescript:S2201","MAJOR","project/ws/author/src/lib/routing/modules/editor/routing/modules/collection/services/store.service.ts","317","Consider using ""forEach"" instead of ""map"" as its return value is not being used here."
"BUG","typescript:S2201","MAJOR","project/ws/author/src/lib/routing/modules/editor/routing/modules/curate/components/curate/curate.component.ts","82","Consider using ""forEach"" instead of ""map"" as its return value is not being used here."
"BUG","typescript:S2201","MAJOR","project/ws/author/src/lib/routing/modules/editor/routing/modules/curate/components/url-upload/url-upload.component.ts","171","Consider using ""forEach"" instead of ""map"" as its return value is not being used here."
"BUG","typescript:S2201","MAJOR","project/ws/author/src/lib/routing/modules/editor/routing/modules/curate/components/url-upload/url-upload.component.ts","229","Consider using ""forEach"" instead of ""map"" as its return value is not being used here."
"BUG","typescript:S2201","MAJOR","project/ws/author/src/lib/routing/modules/editor/routing/modules/iap-assessment/components/iap-assessment/iap-assessment.component.ts","133","Consider using ""forEach"" instead of ""map"" as its return value is not being used here."
"BUG","typescript:S2201","MAJOR","project/ws/author/src/lib/routing/modules/editor/routing/modules/quiz/components/fill-ups-editor/fill-ups-editor.component.ts","194","Consider using ""forEach"" instead of ""map"" as its return value is not being used here."
"BUG","typescript:S2201","MAJOR","project/ws/author/src/lib/routing/modules/editor/routing/modules/quiz/components/fill-ups-editor/fill-ups-editor.component.ts","196","Consider using ""forEach"" instead of ""map"" as its return value is not being used here."
"BUG","typescript:S2201","MAJOR","project/ws/author/src/lib/routing/modules/editor/routing/modules/quiz/components/fill-ups-editor/fill-ups-editor.component.ts","197","Consider using ""forEach"" instead of ""map"" as its return value is not being used here."
"BUG","typescript:S2201","MAJOR","project/ws/author/src/lib/routing/modules/editor/routing/modules/quiz/components/match-the-following/match-the-following.component.ts","249","Consider using ""forEach"" instead of ""map"" as its return value is not being used here."
"BUG","typescript:S2201","MAJOR","project/ws/author/src/lib/routing/modules/editor/routing/modules/quiz/components/match-the-following/match-the-following.component.ts","252","Consider using ""forEach"" instead of ""map"" as its return value is not being used here."
"BUG","typescript:S2201","MAJOR","project/ws/author/src/lib/routing/modules/editor/routing/modules/quiz/components/match-the-following/match-the-following.component.ts","253","Consider using ""forEach"" instead of ""map"" as its return value is not being used here."
"BUG","typescript:S2201","MAJOR","project/ws/author/src/lib/routing/modules/editor/routing/modules/quiz/components/multiple-choice-question/multiple-choice-question.component.ts","227","Consider using ""forEach"" instead of ""map"" as its return value is not being used here."
"BUG","typescript:S2201","MAJOR","project/ws/author/src/lib/routing/modules/editor/routing/modules/quiz/components/multiple-choice-question/multiple-choice-question.component.ts","229","Consider using ""forEach"" instead of ""map"" as its return value is not being used here."
"BUG","typescript:S2201","MAJOR","project/ws/author/src/lib/routing/modules/editor/routing/modules/quiz/components/multiple-choice-question/multiple-choice-question.component.ts","230","Consider using ""forEach"" instead of ""map"" as its return value is not being used here."
"BUG","typescript:S2201","MAJOR","project/ws/author/src/lib/routing/modules/editor/routing/modules/upload/components/file-upload/file-upload.component.ts","824","Consider using ""forEach"" instead of ""map"" as its return value is not being used here."
"BUG","typescript:S2201","MAJOR","project/ws/author/src/lib/routing/modules/editor/routing/modules/upload/components/upload/upload.component.ts","86","Consider using ""forEach"" instead of ""map"" as its return value is not being used here."
"BUG","typescript:S2201","MAJOR","project/ws/author/src/lib/routing/modules/editor/routing/modules/web-page/components/web-module-editor/web-module-editor.component.ts","170","Consider using ""forEach"" instead of ""map"" as its return value is not being used here."
"BUG","typescript:S2201","MAJOR","project/ws/author/src/lib/routing/modules/editor/routing/modules/web-page/components/web-module-editor/web-module-editor.component.ts","433","Consider using ""forEach"" instead of ""map"" as its return value is not being used here."
"BUG","typescript:S2201","MAJOR","project/ws/author/src/lib/routing/modules/editor/routing/modules/web-page/components/web-module-editor/web-module-editor.component.ts","459","Consider using ""forEach"" instead of ""map"" as its return value is not being used here."
"BUG","typescript:S2201","MAJOR","project/ws/author/src/lib/routing/modules/editor/services/editor-content.service.ts","240","Consider using ""forEach"" instead of ""map"" as its return value is not being used here."
"BUG","typescript:S2201","MAJOR","project/ws/author/src/lib/routing/modules/editor/services/editor-content.service.ts","246","Consider using ""forEach"" instead of ""map"" as its return value is not being used here."
"BUG","typescript:S2201","MAJOR","project/ws/author/src/lib/routing/modules/editor/services/editor-content.service.ts","324","Consider using ""forEach"" instead of ""map"" as its return value is not being used here."
"BUG","typescript:S2201","MAJOR","project/ws/author/src/lib/routing/modules/editor/services/editor-content.service.ts","333","Consider using ""forEach"" instead of ""map"" as its return value is not being used here."
"BUG","typescript:S2201","MAJOR","project/ws/author/src/lib/routing/modules/editor/services/editor-content.service.ts","387","Consider using ""forEach"" instead of ""map"" as its return value is not being used here."
"BUG","typescript:S2201","MAJOR","project/ws/author/src/lib/routing/modules/editor/services/editor-content.service.ts","430","Consider using ""forEach"" instead of ""map"" as its return value is not being used here."
"BUG","typescript:S2201","MAJOR","project/ws/author/src/lib/routing/modules/editor/services/editor-content.service.ts","433","Consider using ""forEach"" instead of ""map"" as its return value is not being used here."
"BUG","typescript:S2201","MAJOR","project/ws/author/src/lib/routing/modules/editor/services/editor-content.service.ts","466","Consider using ""forEach"" instead of ""map"" as its return value is not being used here."
"BUG","typescript:S2201","MAJOR","project/ws/author/src/lib/routing/modules/editor/services/editor-content.service.ts","469","Consider using ""forEach"" instead of ""map"" as its return value is not being used here."
"BUG","typescript:S2201","MAJOR","project/ws/author/src/lib/routing/modules/editor/shared/components/catalog-select/catalog-select.component.ts","311","Consider using ""forEach"" instead of ""map"" as its return value is not being used here."
"BUG","typescript:S2201","MAJOR","project/ws/author/src/lib/routing/modules/editor/shared/components/course-settings/course-settings.component.ts","752","Consider using ""forEach"" instead of ""map"" as its return value is not being used here."
"BUG","typescript:S2201","MAJOR","project/ws/author/src/lib/routing/modules/editor/shared/components/course-settings/course-settings.component.ts","770","Consider using ""forEach"" instead of ""map"" as its return value is not being used here."
"BUG","typescript:S2201","MAJOR","project/ws/author/src/lib/routing/modules/editor/shared/components/course-settings/course-settings.component.ts","810","Consider using ""forEach"" instead of ""map"" as its return value is not being used here."
"BUG","typescript:S2201","MAJOR","project/ws/author/src/lib/routing/modules/editor/shared/components/course-settings/course-settings.component.ts","941","Consider using ""forEach"" instead of ""map"" as its return value is not being used here."
"BUG","typescript:S2201","MAJOR","project/ws/author/src/lib/routing/modules/editor/shared/components/course-settings/course-settings.component.ts","1098","Consider using ""forEach"" instead of ""map"" as its return value is not being used here."
"BUG","typescript:S2201","MAJOR","project/ws/author/src/lib/routing/modules/editor/shared/components/edit-meta/edit-meta.component.ts","766","Consider using ""forEach"" instead of ""map"" as its return value is not being used here."
"BUG","typescript:S2201","MAJOR","project/ws/author/src/lib/routing/modules/editor/shared/components/edit-meta/edit-meta.component.ts","784","Consider using ""forEach"" instead of ""map"" as its return value is not being used here."
"BUG","typescript:S2201","MAJOR","project/ws/author/src/lib/routing/modules/editor/shared/components/edit-meta/edit-meta.component.ts","910","Consider using ""forEach"" instead of ""map"" as its return value is not being used here."
"BUG","typescript:S2201","MAJOR","project/ws/author/src/lib/routing/modules/editor/shared/components/edit-meta/edit-meta.component.ts","1008","Consider using ""forEach"" instead of ""map"" as its return value is not being used here."
"BUG","typescript:S2201","MAJOR","project/ws/author/src/lib/routing/modules/editor/shared/components/edit-meta/edit-meta.component.ts","1125","Consider using ""forEach"" instead of ""map"" as its return value is not being used here."
"BUG","typescript:S2201","MAJOR","project/ws/author/src/lib/routing/modules/home/components/content-detail/services/content-detail.service.ts","91","Consider using ""forEach"" instead of ""map"" as its return value is not being used here."
"BUG","typescript:S2201","MAJOR","project/ws/author/src/lib/routing/modules/home/components/my-content/services/my-content.service.ts","95","Consider using ""forEach"" instead of ""map"" as its return value is not being used here."
"BUG","typescript:S2201","MAJOR","project/ws/author/src/lib/routing/modules/my-content/components/content-card-v2/content-card-v2.component.ts","149","The return value of ""slice"" must be used."
"BUG","typescript:S2201","MAJOR","project/ws/author/src/lib/routing/modules/my-content/services/my-content.service.ts","108","Consider using ""forEach"" instead of ""map"" as its return value is not being used here."
"BUG","typescript:S2201","MAJOR","project/ws/viewer/src/lib/plugins/quiz/components/question/question.component.ts","85","Consider using ""forEach"" instead of ""map"" as its return value is not being used here."
"BUG","typescript:S2201","MAJOR","project/ws/viewer/src/lib/plugins/quiz/quiz.service.ts","43","Consider using ""forEach"" instead of ""map"" as its return value is not being used here."
"BUG","typescript:S2201","MAJOR","project/ws/viewer/src/lib/plugins/quiz/quiz.service.ts","82","Consider using ""forEach"" instead of ""map"" as its return value is not being used here."
"BUG","typescript:S2201","MAJOR","project/ws/viewer/src/lib/plugins/quiz/quiz.service.ts","84","Consider using ""forEach"" instead of ""map"" as its return value is not being used here."
"BUG","typescript:S2871","CRITICAL","project/ws/app/src/lib/routes/search/components/search-input/search-input.component.ts","88","Provide a compare function that depends on ""String.localeCompare"", to reliably sort elements alphabetically."
"BUG","typescript:S2871","CRITICAL","project/ws/app/src/lib/routes/search/components/search-input-home/search-input-home.component.ts","103","Provide a compare function that depends on ""String.localeCompare"", to reliably sort elements alphabetically."
"BUG","typescript:S2871","CRITICAL","project/ws/app/src/lib/routes/search/routes/home/home.component.ts","138","Provide a compare function that depends on ""String.localeCompare"", to reliably sort elements alphabetically."
"BUG","typescript:S2871","CRITICAL","project/ws/viewer/src/lib/plugins/quiz/quiz.component.ts","514","Provide a compare function that depends on ""String.localeCompare"", to reliably sort elements alphabetically."
"BUG","typescript:S3923","MAJOR","library/ws-widget/utils/src/lib/pipes/pipe-assessment-duration-transform/pipe-assessment-duration-transform.pipe.ts","25","This conditional operation returns the same value whether the condition is ""true"" or ""false""."
"BUG","typescript:S3923","MAJOR","library/ws-widget/utils/src/lib/pipes/pipe-assessment-duration-transform/pipe-assessment-duration-transform.pipe.ts","31","This conditional operation returns the same value whether the condition is ""true"" or ""false""."
"BUG","typescript:S3923","MAJOR","library/ws-widget/utils/src/lib/pipes/pipe-assessment-duration-transform/pipe-assessment-duration-transform.pipe.ts","37","This conditional operation returns the same value whether the condition is ""true"" or ""false""."
"BUG","typescript:S3923","MAJOR","project/ws/author/src/lib/routing/modules/editor/routing/modules/collection/services/resolver.service.ts","148","Remove this conditional structure or edit its code blocks so that they're not all the same."
"BUG","typescript:S3923","MAJOR","project/ws/author/src/lib/routing/modules/editor/shared/components/course-settings/course-settings.component.ts","1971","This conditional operation returns the same value whether the condition is ""true"" or ""false""."
"BUG","typescript:S3923","MAJOR","project/ws/viewer/src/lib/routes/audio/audio.component.ts","145","This conditional operation returns the same value whether the condition is ""true"" or ""false""."
"BUG","typescript:S3923","MAJOR","project/ws/viewer/src/lib/routes/pdf/pdf.component.ts","109","This conditional operation returns the same value whether the condition is ""true"" or ""false""."
"BUG","typescript:S3923","MAJOR","project/ws/viewer/src/lib/routes/video/video.component.ts","124","This conditional operation returns the same value whether the condition is ""true"" or ""false""."
"BUG","typescript:S4158","MINOR","project/ws/author/src/lib/routing/modules/editor/services/editor-content.service.ts","130","Review this usage of ""propertiesTobeExcluded"" as it can only be empty here."
"BUG","typescript:S4275","CRITICAL","library/ws-widget/utils/src/lib/services/auth-keycloak.service.ts","73","Refactor this getter to return a value."
"BUG","typescript:S4275","CRITICAL","project/ws/app/src/lib/routes/search/apis/search-api.service.ts","37","Refactor this getter to return a value."
"BUG","typescript:S4275","CRITICAL","project/ws/author/src/lib/modules/shared/components/comments-dialog/comments-dialog.component.ts","227","Refactor this getter to return a value."
"BUG","typescript:S4275","CRITICAL","project/ws/author/src/lib/routing/modules/editor/routing/modules/iap-assessment/components/general-details/general-details.component.ts","448","Refactor this setter so that it actually refers to the property 'sortBy'."
"BUG","typescript:S4822","MAJOR","project/ws/app/src/lib/routes/search/components/item-tile/item-tile.component.ts","25","Consider using 'await' for the promise inside this 'try' or replace it with 'Promise.prototype.catch(...)' usage."
"BUG","typescript:S4822","MAJOR","project/ws/app/src/lib/routes/search/routes/knowledge/knowledge.component.ts","172","Consider using 'await' for the promise inside this 'try' or replace it with 'Promise.prototype.catch(...)' usage."
"BUG","typescript:S4822","MAJOR","project/ws/app/src/lib/routes/search/routes/learning/learning.component.ts","477","Consider using 'await' for the promise inside this 'try' or replace it with 'Promise.prototype.catch(...)' usage."
"BUG","typescript:S4822","MAJOR","project/ws/app/src/lib/routes/search/routes/learning/learning.component.ts","506","Consider using 'await' for the promise inside this 'try' or replace it with 'Promise.prototype.catch(...)' usage."
"BUG","typescript:S4822","MAJOR","project/ws/app/src/lib/routes/search/routes/social/social.component.ts","219","Consider using 'await' for the promise inside this 'try' or replace it with 'Promise.prototype.catch(...)' usage."
"BUG","typescript:S4822","MAJOR","project/ws/app/src/lib/routes/search/routes/social/social.component.ts","234","Consider using 'await' for the promise inside this 'try' or replace it with 'Promise.prototype.catch(...)' usage."
"BUG","typescript:S5842","MINOR","project/ws/author/src/lib/routing/modules/editor/routing/modules/upload/services/profanity.service.ts","41","Rework this part of the regex to not match the empty string."
"BUG","typescript:S6544","MAJOR","library/ws-widget/collection/src/lib/_services/widget-content.service.ts","127","Promise executor functions should not be async."
"BUG","typescript:S6544","MAJOR","project/ws/author/src/lib/routing/modules/create/components/create-course/create-course.component.ts","256","Promise-returning function provided to property where a void return was expected."
"BUG","typescript:S6544","MAJOR","project/ws/author/src/lib/routing/modules/create/components/create-course/create-course.component.ts","297","Promise-returning function provided to property where a void return was expected."
"BUG","typescript:S6544","MAJOR","project/ws/viewer/src/lib/routes/html/html.component.ts","183","Promise executor functions should not be async."
"BUG","typescript:S905","MAJOR","library/ws-widget/collection/src/lib/btn-playlist/btn-playlist.service.ts","153","Expected an assignment or function call and instead saw an expression."
"BUG","typescript:S905","MAJOR","project/ws/app/src/lib/routes/app-toc/routes/app-toc-certification/components/at-desk-slot-booking/at-desk-slot-booking.component.ts","235","Expected an assignment or function call and instead saw an expression."
"BUG","typescript:S905","MAJOR","project/ws/app/src/lib/routes/app-toc/routes/app-toc-certification/components/budget-approval/budget-approval.component.ts","173","Expected an assignment or function call and instead saw an expression."
"BUG","typescript:S905","MAJOR","project/ws/app/src/lib/routes/app-toc/routes/app-toc-certification/components/result-upload/result-upload.component.ts","246","Expected an assignment or function call and instead saw an expression."
"BUG","typescript:S905","MAJOR","project/ws/author/src/lib/routing/modules/editor/shared/components/course-settings/course-settings.component.ts","1193","Expected an assignment or function call and instead saw an expression."
"VULNERABILITY","typescript:S2819","CRITICAL","library/ws-widget/utils/src/lib/services/auth-keycloak.service.ts","219","Specify a target origin for this message."
"VULNERABILITY","typescript:S2819","CRITICAL","library/ws-widget/utils/src/lib/services/subapplication-respond.service.ts","81","Specify a target origin for this message."
"VULNERABILITY","typescript:S2819","CRITICAL","library/ws-widget/utils/src/lib/services/subapplication-respond.service.ts","122","Specify a target origin for this message."
"VULNERABILITY","typescript:S2819","CRITICAL","library/ws-widget/utils/src/lib/services/subapplication-respond.service.ts","216","Specify a target origin for this message."
"VULNERABILITY","typescript:S2819","CRITICAL","project/ws/viewer/src/lib/plugins/html/html.component.ts","590","Specify a target origin for this message."
"VULNERABILITY","typescript:S2819","CRITICAL","project/ws/viewer/src/lib/plugins/iap/iap.component.ts","85","Specify a target origin for this message."
